venue,address,status,what the map currently uses
"(Secret Location), ADL CBD",,NEEDS AN ADDRESS,"Adelaide, South Australia, Australia"
"1/149 Flinders St, ADL CBD",,NEEDS AN ADDRESS,"149 Flinders Street, Adelaide South Australia 5000, Australia"
"19 Twin Street, ADL CBD",,NEEDS AN ADDRESS,"19 Twin Street, Northfield South Australia 5085, Australia"
"215 Magill Rd, Maylands",,NEEDS AN ADDRESS,"215 Magill Road, Maylands South Australia 5069, Australia"
"4th Floor Elevator, ADL CBD",,NEEDS AN ADDRESS,"Australia Lane, North Adelaide South Australia 5006, Australia"
"AGSA, ADL CBD","Art Gallery of South Australia, Western Drive, Adelaide, South Australia, 5000, Australia",SUGGESTED - please check,"Art Gallery of South Australia, Western Drive, Adelaide, South Australia, 5000, Australia"
"Allan Scott Auditorium H2-16, Fenn Place, Adelaide University, ADL CBD",,NEEDS AN ADDRESS,"16 Fenn Place, Adelaide South Australia 5000, Australia"
"Arc Tile Showroom, ADL CBD",,NEEDS AN ADDRESS,"Australia Lane, North Adelaide South Australia 5006, Australia"
"Basement Gallery, ADL CBD",,NEEDS AN ADDRESS,"Australia Lane, North Adelaide South Australia 5006, Australia"
"Being Studio, 27 Halifax St, CBD, ADL",,NEEDS AN ADDRESS,"27-29 Halifax Street, Adelaide South Australia 5000, Australia"
"Coldstore, 66 Wyatt St, Adelaide",,NEEDS AN ADDRESS,"66 Wyatt Street, Adelaide South Australia 5000, Australia"
"Common Uncommon, ADL CBD",,NEEDS AN ADDRESS,"Adelaide, South Australia, Australia"
"Crafted Hardwoods, Plympton",,NEEDS AN ADDRESS,"Plympton, South Australia, Australia"
"Dental School, Adelaide University, ADL CBD",,NEEDS AN ADDRESS,"University Street, Hackney South Australia 5069, Australia"
"Design by WBL, ADL CBD",,NEEDS AN ADDRESS,"Bay Road, Rose Park South Australia 5067, Australia"
"EST Studio, ADL CBD",,NEEDS AN ADDRESS,"Australia Lane, North Adelaide South Australia 5006, Australia"
"Estilo, ADL CBD","Estilo Furniture, Ann Street, Adelaide, South Australia, 5000, Australia",SUGGESTED - please check,"Estilo Furniture, Ann Street, Adelaide, South Australia, 5000, Australia"
"Fab Workshop, Kent Town",,NEEDS AN ADDRESS,"Kent Town, South Australia, Australia"
"Fabrikate, ADL CBD","Fabrikate, 248, Grenfell Street, Adelaide, South Australia, 5000, Australia",SUGGESTED - please check,"Fabrikate, 248, Grenfell Street, Adelaide, South Australia, 5000, Australia"
"GGA Studio, ADL CBD",,NEEDS AN ADDRESS,"Australia Lane, North Adelaide South Australia 5006, Australia"
"Georgie Shepherd Interior Design, Norwood",,NEEDS AN ADDRESS,"George Street, Norwood South Australia 5067, Australia"
"Hebart Hall, North Adelaide",,NEEDS AN ADDRESS,"North Adelaide, South Australia, Australia"
"Honeydripper, ADL CBD",,NEEDS AN ADDRESS,"Adelaide, South Australia, Australia"
"Hygge Studios, Hyde Park",,NEEDS AN ADDRESS,"Hyde Park, South Australia, Australia"
"Immersive Art and Installation, 63 Light Sq, CBD, ADL",,NEEDS AN ADDRESS,"63 Light Square, Adelaide South Australia 5000, Australia"
"Imprints, ADL CBD","Imprints of Time, South Esplanade, North Brighton, Adelaide, South Australia, 5045, Australia",SUGGESTED - please check,"Imprints of Time, South Esplanade, North Brighton, Adelaide, South Australia, 5045, Australia"
"JPE Design Studio, ADL CBD",,NEEDS AN ADDRESS,"Adelaide, South Australia, Australia"
"Jam Factory, ADL CBD","JamFactory, Sia Furler Lane, Adelaide, South Australia, 5000, Australia",SUGGESTED - please check,"JamFactory, Sia Furler Lane, Adelaide, South Australia, 5000, Australia"
"Jardan, ADL CBD",,NEEDS AN ADDRESS,"Jordan Street, Plympton Park South Australia 5038, Australia"
"Kaurna Building L3, ADL Uni, ADL CBD",,NEEDS AN ADDRESS,"University Street, Hackney South Australia 5069, Australia"
"Liverpool Gallery, ADL CBD",,NEEDS AN ADDRESS,"Australia Lane, North Adelaide South Australia 5006, Australia"
"MEET: A PLACE coffee, Bowden","A PLACE coffee, 37, Second Street, Bowden, Adelaide, South Australia, 5007, Australia",SUGGESTED - please check,"A PLACE coffee, 37, Second Street, Bowden, Adelaide, South Australia, 5007, Australia"
"MEET: Faraway House, 21 Franklin Street, CBD, ADL",,NEEDS AN ADDRESS,"21 Franklin Street, Adelaide South Australia 5000, Australia"
"MEET: Jewels of Thought Records, Ebenezer Place CBD, ADL",,NEEDS AN ADDRESS,"Ebenezer Place, Adelaide South Australia 5000, Australia"
"MEET: Sir Douglas Nicholls Bridge, CBD ADL",,NEEDS AN ADDRESS,"Douglas Street, Parkside South Australia 5063, Australia"
"Michi, ADL CBD",,NEEDS AN ADDRESS,"Adelaide, South Australia, Australia"
"Mid-Century House, Lynton",,NEEDS AN ADDRESS,"Lynton, South Australia, Australia"
"Min Jewellery, g14 33 Pirie St, CBD, ADL",,NEEDS AN ADDRESS,"33 Pirie Street, Adelaide South Australia 5000, Australia"
"Mixed Goods Studio, Kilkenny",,NEEDS AN ADDRESS,"Kilkenny, South Australia, Australia"
"Mixed Goods Studios, Kilkenny",,NEEDS AN ADDRESS,"Kilkenny, South Australia, Australia"
"My Cloud Nine, ADL CBD",,NEEDS AN ADDRESS,"Australia Lane, North Adelaide South Australia 5006, Australia"
"Nearly Bar, ADL CBD","Nearly a Bar, 179, Hindley Street, Adelaide, South Australia, 5000, Australia",SUGGESTED - please check,"Nearly a Bar, 179, Hindley Street, Adelaide, South Australia, 5000, Australia"
"Nudie Jeans, ADL CBD","Nudie Jeans, Rundle Street, Adelaide, South Australia, 5000, Australia",SUGGESTED - please check,"Nudie Jeans, Rundle Street, Adelaide, South Australia, 5000, Australia"
"Plant 3, Bowden","Plant 3 Bowden, 6-14, Fourth Street, Bowden, Adelaide, South Australia, 5007, Australia",SUGGESTED - please check,"Plant 3 Bowden, 6-14, Fourth Street, Bowden, Adelaide, South Australia, 5007, Australia"
"Qantas Office, ADL CBD",,NEEDS AN ADDRESS,"Australia Lane, North Adelaide South Australia 5006, Australia"
"Queens Theatre, ADL CBD","The Queens Theatre, Playhouse Lane, Adelaide, South Australia, 5000, Australia",SUGGESTED - please check,"The Queens Theatre, Playhouse Lane, Adelaide, South Australia, 5000, Australia"
"RF Lux, ADL CBD",,NEEDS AN ADDRESS,"Australia Lane, North Adelaide South Australia 5006, Australia"
"Reform Distilling, Kent Town",,NEEDS AN ADDRESS,"Kent Town, South Australia, Australia"
"SODA, West Croyden",,NEEDS AN ADDRESS,"West Croydon, South Australia, Australia"
"Sans-Arc Studio, West Croydon",,NEEDS AN ADDRESS,"West Croydon, South Australia, Australia"
"Smokelovers, ADL CBD",,NEEDS AN ADDRESS,"Australia Lane, North Adelaide South Australia 5006, Australia"
"Studio Gram, Brompton",,NEEDS AN ADDRESS,"Brompton, South Australia, Australia"
"Stylecraft, ADL CBD",,NEEDS AN ADDRESS,"Australia Lane, North Adelaide South Australia 5006, Australia"
"Terrace Floors, Eastwood","Terrace Floors, 51, Glen Osmond Road, Eastwood, Adelaide, South Australia, 5063, Australia",SUGGESTED - please check,"Terrace Floors, 51, Glen Osmond Road, Eastwood, Adelaide, South Australia, 5063, Australia"
"The Forum, Jeffrey Smart, ADL CBD","Jeffrey Smart Building, 243, Hindley Street, Adelaide, South Australia, 5000, Australia",SUGGESTED - please check,"Jeffrey Smart Building, 243, Hindley Street, Adelaide, South Australia, 5000, Australia"
"The Light Impact, Norwood",,NEEDS AN ADDRESS,"Norwood, South Australia, Australia"
"The Meeting Hall, ADL CBD",,NEEDS AN ADDRESS,"Australia Lane, North Adelaide South Australia 5006, Australia"
"The Mill, ADL CBD","The Red Mill Bakehouse, 139, Bower Road, Ethelton, Adelaide, South Australia, 5015, Australia",SUGGESTED - please check,"The Red Mill Bakehouse, 139, Bower Road, Ethelton, Adelaide, South Australia, 5015, Australia"
"The Studio, AGSA, ADL CBD",,NEEDS AN ADDRESS,"Adelaide, South Australia, Australia"
Thebarton,,NEEDS AN ADDRESS,"Thebarton, Adelaide, South Australia, Australia"
Travelling between events!,,not a place - skip,not a location
"Unbuilt, North Adelaide",,NEEDS AN ADDRESS,"North Adelaide, South Australia, Australia"
"VARIOUS, ADL CBD",,NEEDS AN ADDRESS,"Adelaide, South Australia, Australia"
"Various Locations, East End, ADL CBD",,not a place - skip,not a location
"WIP Shed, 28A Dew St, Thebarton",,NEEDS AN ADDRESS,"28 Dew Street, Thebarton South Australia 5031, Australia"
"Washdog Studios, Kent Town",,NEEDS AN ADDRESS,"Australia Lane, North Adelaide South Australia 5006, Australia"
"Woods Bagot, ADL CBD",,NEEDS AN ADDRESS,"Bagot Street, North Adelaide South Australia 5006, Australia"
"Yadura Design Studio, Parkside",,NEEDS AN ADDRESS,"Australia Lane, North Adelaide South Australia 5006, Australia"
"Yitpi Yartapuultiku, Port Adelaide","Yitpi Yartapuultiku, Old Port Road, Port Adelaide, Adelaide, South Australia, 5015, Australia",SUGGESTED - please check,"Yitpi Yartapuultiku, Old Port Road, Port Adelaide, Adelaide, South Australia, 5015, Australia"
